vintage,month,loans_reported,d90_loans,forb_loans,d90_rate_pct,forb_rate_pct
2012,2012-01-01,37,0,0,0.0,0.0
2012,2012-02-01,3406,0,0,0.0,0.0
2012,2012-03-01,7462,0,0,0.0,0.0
2012,2012-04-01,11289,0,0,0.0,0.0
2012,2012-05-01,15550,0,0,0.0,0.0
2012,2012-06-01,19784,2,0,0.01,0.0
2012,2012-07-01,23598,3,0,0.013,0.0
2012,2012-08-01,27255,3,0,0.011,0.0
2012,2012-09-01,31117,8,0,0.026,0.0
2012,2012-10-01,35497,14,0,0.039,0.0
2012,2012-11-01,39894,18,0,0.045,0.0
2012,2012-12-01,43127,21,0,0.049,0.0
2012,2013-01-01,47159,34,0,0.072,0.0
2012,2013-02-01,47483,39,0,0.082,0.0
2012,2013-03-01,47333,52,0,0.11,0.0
2012,2013-04-01,47157,58,0,0.123,0.0
2012,2013-05-01,46947,58,0,0.124,0.0
2012,2013-06-01,46647,68,0,0.146,0.0
2012,2013-07-01,46340,73,0,0.158,0.0
2012,2013-08-01,46103,80,0,0.174,0.0
2012,2013-09-01,45907,93,0,0.203,0.0
2012,2013-10-01,45737,99,0,0.216,0.0
2012,2013-11-01,45573,114,0,0.25,0.0
2012,2013-12-01,45435,116,0,0.255,0.0
2012,2014-01-01,45272,122,1,0.269,0.002
2012,2014-02-01,45151,128,0,0.283,0.0
2012,2014-03-01,45019,134,1,0.298,0.002
2012,2014-04-01,44833,136,3,0.303,0.007
2012,2014-05-01,44615,145,3,0.325,0.007
2012,2014-06-01,44391,137,3,0.309,0.007
2012,2014-07-01,44094,139,2,0.315,0.005
2012,2014-08-01,43975,138,3,0.314,0.007
2012,2014-09-01,43708,143,4,0.327,0.009
2012,2014-10-01,43463,136,3,0.313,0.007
2012,2014-11-01,43224,142,8,0.329,0.019
2012,2014-12-01,43011,143,8,0.332,0.019
2012,2015-01-01,42754,153,7,0.358,0.016
2012,2015-02-01,42656,151,8,0.354,0.019
2012,2015-03-01,42424,151,10,0.356,0.024
2012,2015-04-01,42094,146,8,0.347,0.019
2012,2015-05-01,41887,137,4,0.327,0.01
2012,2015-06-01,41580,137,6,0.329,0.014
2012,2015-07-01,41414,129,6,0.311,0.014
2012,2015-08-01,41060,130,6,0.317,0.015
2012,2015-09-01,40726,135,6,0.331,0.015
2012,2015-10-01,40407,139,6,0.344,0.015
2012,2015-11-01,40071,152,5,0.379,0.012
2012,2015-12-01,39794,151,5,0.379,0.013
2012,2016-01-01,39469,152,6,0.385,0.015
2012,2016-02-01,39256,151,7,0.385,0.018
2012,2016-03-01,39014,138,5,0.354,0.013
2012,2016-04-01,38654,132,5,0.341,0.013
2012,2016-05-01,38303,130,3,0.339,0.008
2012,2016-06-01,37909,120,5,0.317,0.013
2012,2016-07-01,37448,123,4,0.328,0.011
2012,2016-08-01,37055,122,5,0.329,0.013
2012,2016-09-01,36525,118,6,0.323,0.016
2012,2016-10-01,36085,116,7,0.321,0.019
2012,2016-11-01,35652,128,5,0.359,0.014
2012,2016-12-01,35246,132,4,0.375,0.011
2012,2017-01-01,34861,124,7,0.356,0.02
2012,2017-02-01,34607,122,9,0.353,0.026
2012,2017-03-01,34381,114,9,0.332,0.026
2012,2017-04-01,34099,120,9,0.352,0.026
2012,2017-05-01,33845,116,8,0.343,0.024
2012,2017-06-01,33523,111,7,0.331,0.021
2012,2017-07-01,33157,111,5,0.335,0.015
2012,2017-08-01,32823,110,4,0.335,0.012
2012,2017-09-01,32507,111,16,0.341,0.049
2012,2017-10-01,32227,109,37,0.338,0.115
2012,2017-11-01,31946,122,67,0.382,0.21
2012,2017-12-01,31681,144,39,0.455,0.123
2012,2018-01-01,31399,152,37,0.484,0.118
2012,2018-02-01,31181,150,23,0.481,0.074
2012,2018-03-01,30995,142,18,0.458,0.058
2012,2018-04-01,30751,131,6,0.426,0.02
2012,2018-05-01,30494,125,5,0.41,0.016
2012,2018-06-01,30221,121,4,0.4,0.013
2012,2018-07-01,29951,117,4,0.391,0.013
2012,2018-08-01,29680,108,5,0.364,0.017
2012,2018-09-01,29432,112,6,0.381,0.02
2012,2018-10-01,29225,110,6,0.376,0.021
2012,2018-11-01,29018,102,9,0.352,0.031
2012,2018-12-01,28801,97,7,0.337,0.024
2012,2019-01-01,28589,102,7,0.357,0.024
2012,2019-02-01,28423,104,7,0.366,0.025
2012,2019-03-01,28249,100,6,0.354,0.021
2012,2019-04-01,28025,87,6,0.31,0.021
2012,2019-05-01,27786,84,7,0.302,0.025
2012,2019-06-01,27498,82,7,0.298,0.025
2012,2019-07-01,27234,85,7,0.312,0.026
2012,2019-08-01,26941,78,6,0.29,0.022
2012,2019-09-01,26653,76,3,0.285,0.011
2012,2019-10-01,26395,74,3,0.28,0.011
2012,2019-11-01,26075,71,4,0.272,0.015
2012,2019-12-01,25797,84,5,0.326,0.019
2012,2020-01-01,25517,80,4,0.314,0.016
2012,2020-02-01,25280,75,5,0.297,0.02
2012,2020-03-01,25077,72,28,0.287,0.112
2012,2020-04-01,24779,72,502,0.291,2.026
2012,2020-05-01,24456,98,783,0.401,3.202
2012,2020-06-01,24081,414,803,1.719,3.335
2012,2020-07-01,23602,510,721,2.161,3.055
2012,2020-08-01,23070,497,607,2.154,2.631
2012,2020-09-01,22582,476,600,2.108,2.657
2012,2020-10-01,22055,443,501,2.009,2.272
2012,2020-11-01,21480,416,465,1.937,2.165
2012,2020-12-01,20934,399,439,1.906,2.097
2012,2021-01-01,20412,381,403,1.867,1.974
2012,2021-02-01,19976,377,370,1.887,1.852
2012,2021-03-01,19532,351,342,1.797,1.751
2012,2021-04-01,18965,337,311,1.777,1.64
2012,2021-05-01,18488,306,280,1.655,1.514
2012,2021-06-01,18086,278,250,1.537,1.382
2012,2021-07-01,17668,258,225,1.46,1.273
2012,2021-08-01,17289,240,210,1.388,1.215
2012,2021-09-01,16937,208,150,1.228,0.886
2012,2021-10-01,16607,180,97,1.084,0.584
2012,2021-11-01,16267,168,72,1.033,0.443
2012,2021-12-01,15950,146,58,0.915,0.364
2012,2022-01-01,15636,128,42,0.819,0.269
2012,2022-02-01,15389,109,34,0.708,0.221
2012,2022-03-01,15180,97,28,0.639,0.184
2012,2022-04-01,14918,97,25,0.65,0.168
2012,2022-05-01,14702,92,22,0.626,0.15
2012,2022-06-01,14519,83,22,0.572,0.152
2012,2022-07-01,14328,76,19,0.53,0.133
2012,2022-08-01,14186,75,16,0.529,0.113
2012,2022-09-01,14020,80,14,0.571,0.1
2012,2022-10-01,13876,80,17,0.577,0.123
2012,2022-11-01,13753,78,15,0.567,0.109
2012,2022-12-01,13636,75,15,0.55,0.11
2012,2023-01-01,13527,73,13,0.54,0.096
2012,2023-02-01,13431,65,8,0.484,0.06
2012,2023-03-01,13341,63,10,0.472,0.075
2012,2023-04-01,13217,58,9,0.439,0.068
2012,2023-05-01,13136,57,8,0.434,0.061
2012,2023-06-01,13033,46,11,0.353,0.084
2012,2023-07-01,12936,47,7,0.363,0.054
2012,2023-08-01,12836,49,7,0.382,0.055
2012,2023-09-01,12725,43,7,0.338,0.055
2012,2023-10-01,12621,46,8,0.364,0.063
2012,2023-11-01,12545,47,8,0.375,0.064
2012,2023-12-01,12453,41,4,0.329,0.032
2012,2024-01-01,12352,44,5,0.356,0.04
2012,2024-02-01,12263,42,7,0.342,0.057
2012,2024-03-01,12191,41,9,0.336,0.074
2012,2024-04-01,12080,37,10,0.306,0.083
2012,2024-05-01,11998,33,11,0.275,0.092
2012,2024-06-01,11893,33,11,0.277,0.092
2012,2024-07-01,11790,29,10,0.246,0.085
2012,2024-08-01,11672,29,9,0.248,0.077
2012,2024-09-01,11586,30,8,0.259,0.069
2012,2024-10-01,11490,33,10,0.287,0.087
2012,2024-11-01,11380,32,8,0.281,0.07
2012,2024-12-01,11298,31,7,0.274,0.062
2012,2025-01-01,11199,33,10,0.295,0.089
2012,2025-02-01,11111,39,11,0.351,0.099
2012,2025-03-01,11015,32,12,0.291,0.109
2012,2025-04-01,10907,37,8,0.339,0.073
2012,2025-05-01,10802,33,8,0.305,0.074
2012,2025-06-01,10693,32,11,0.299,0.103
2012,2025-07-01,10589,32,9,0.302,0.085
2012,2025-08-01,10482,34,7,0.324,0.067
2012,2025-09-01,10374,31,4,0.299,0.039
2012,2025-10-01,10262,25,4,0.244,0.039
2012,2025-11-01,10121,27,6,0.267,0.059
2012,2025-12-01,10024,27,7,0.269,0.07
2012,2026-01-01,9905,25,4,0.252,0.04
2012,2026-02-01,9804,26,4,0.265,0.041
2012,2026-03-01,9698,19,3,0.196,0.031
2016,2016-01-01,33,0,0,0.0,0.0
2016,2016-02-01,3109,0,0,0.0,0.0
2016,2016-03-01,6764,0,0,0.0,0.0
2016,2016-04-01,11733,0,0,0.0,0.0
2016,2016-05-01,15625,0,0,0.0,0.0
2016,2016-06-01,19487,0,0,0.0,0.0
2016,2016-07-01,23888,0,0,0.0,0.0
2016,2016-08-01,27904,0,0,0.0,0.0
2016,2016-09-01,32161,0,1,0.0,0.003
2016,2016-10-01,35969,4,4,0.011,0.011
2016,2016-11-01,40051,6,5,0.015,0.012
2016,2016-12-01,43254,9,4,0.021,0.009
2016,2017-01-01,47851,10,6,0.021,0.013
2016,2017-02-01,48249,11,6,0.023,0.012
2016,2017-03-01,48262,19,6,0.039,0.012
2016,2017-04-01,48065,20,6,0.042,0.012
2016,2017-05-01,47895,19,8,0.04,0.017
2016,2017-06-01,47664,20,9,0.042,0.019
2016,2017-07-01,47392,24,8,0.051,0.017
2016,2017-08-01,47105,27,8,0.057,0.017
2016,2017-09-01,46773,38,49,0.081,0.105
2016,2017-10-01,46488,47,135,0.101,0.29
2016,2017-11-01,46191,100,185,0.216,0.401
2016,2017-12-01,45916,172,116,0.375,0.253
2016,2018-01-01,45635,175,83,0.383,0.182
2016,2018-02-01,45397,178,60,0.392,0.132
2016,2018-03-01,45184,172,46,0.381,0.102
2016,2018-04-01,44873,147,29,0.328,0.065
2016,2018-05-01,44563,128,19,0.287,0.043
2016,2018-06-01,44229,93,12,0.21,0.027
2016,2018-07-01,43876,96,9,0.219,0.021
2016,2018-08-01,43530,81,9,0.186,0.021
2016,2018-09-01,43167,84,13,0.195,0.03
2016,2018-10-01,42899,89,16,0.207,0.037
2016,2018-11-01,42591,105,14,0.247,0.033
2016,2018-12-01,42329,104,18,0.246,0.043
2016,2019-01-01,42079,108,25,0.257,0.059
2016,2019-02-01,41853,119,26,0.284,0.062
2016,2019-03-01,41742,104,20,0.249,0.048
2016,2019-04-01,41505,100,18,0.241,0.043
2016,2019-05-01,41161,107,11,0.26,0.027
2016,2019-06-01,40728,95,11,0.233,0.027
2016,2019-07-01,40467,101,9,0.25,0.022
2016,2019-08-01,40042,114,11,0.285,0.027
2016,2019-09-01,39567,109,14,0.275,0.035
2016,2019-10-01,39130,102,18,0.261,0.046
2016,2019-11-01,38596,102,17,0.264,0.044
2016,2019-12-01,38152,106,15,0.278,0.039
2016,2020-01-01,37697,103,16,0.273,0.042
2016,2020-02-01,37386,106,13,0.284,0.035
2016,2020-03-01,37003,103,56,0.278,0.151
2016,2020-04-01,36484,109,1176,0.299,3.223
2016,2020-05-01,35738,171,1704,0.478,4.768
2016,2020-06-01,34961,861,1785,2.463,5.106
2016,2020-07-01,34119,1075,1693,3.151,4.962
2016,2020-08-01,33152,1086,1417,3.276,4.274
2016,2020-09-01,32210,1015,1397,3.151,4.337
2016,2020-10-01,31184,936,1188,3.002,3.81
2016,2020-11-01,30098,890,1106,2.957,3.675
2016,2020-12-01,29156,856,1038,2.936,3.56
2016,2021-01-01,28156,834,1007,2.962,3.577
2016,2021-02-01,27373,828,928,3.025,3.39
2016,2021-03-01,26558,756,839,2.847,3.159
2016,2021-04-01,25507,684,761,2.682,2.983
2016,2021-05-01,24683,634,699,2.569,2.832
2016,2021-06-01,23992,587,634,2.447,2.643
2016,2021-07-01,23287,542,588,2.327,2.525
2016,2021-08-01,22709,493,543,2.171,2.391
2016,2021-09-01,22108,422,395,1.909,1.787
2016,2021-10-01,21490,382,302,1.778,1.405
2016,2021-11-01,20999,358,234,1.705,1.114
2016,2021-12-01,20519,324,166,1.579,0.809
2016,2022-01-01,20060,304,147,1.515,0.733
2016,2022-02-01,19714,284,121,1.441,0.614
2016,2022-03-01,19420,252,118,1.298,0.608
2016,2022-04-01,19130,223,96,1.166,0.502
2016,2022-05-01,18872,193,85,1.023,0.45
2016,2022-06-01,18657,180,68,0.965,0.364
2016,2022-07-01,18442,174,57,0.943,0.309
2016,2022-08-01,18268,154,42,0.843,0.23
2016,2022-09-01,18106,137,38,0.757,0.21
2016,2022-10-01,17959,125,40,0.696,0.223
2016,2022-11-01,17848,123,44,0.689,0.247
2016,2022-12-01,17746,121,38,0.682,0.214
2016,2023-01-01,17636,120,33,0.68,0.187
2016,2023-02-01,17541,114,32,0.65,0.182
2016,2023-03-01,17466,105,32,0.601,0.183
2016,2023-04-01,17350,94,27,0.542,0.156
2016,2023-05-01,17265,96,23,0.556,0.133
2016,2023-06-01,17154,88,18,0.513,0.105
2016,2023-07-01,17029,81,17,0.476,0.1
2016,2023-08-01,16928,84,16,0.496,0.095
2016,2023-09-01,16831,79,17,0.469,0.101
2016,2023-10-01,16728,75,24,0.448,0.143
2016,2023-11-01,16633,79,21,0.475,0.126
2016,2023-12-01,16548,74,16,0.447,0.097
2016,2024-01-01,16465,62,14,0.377,0.085
2016,2024-02-01,16376,65,15,0.397,0.092
2016,2024-03-01,16307,73,18,0.448,0.11
2016,2024-04-01,16210,79,16,0.487,0.099
2016,2024-05-01,16124,68,14,0.422,0.087
2016,2024-06-01,16026,70,12,0.437,0.075
2016,2024-07-01,15931,68,12,0.427,0.075
2016,2024-08-01,15830,69,14,0.436,0.088
2016,2024-09-01,15734,74,11,0.47,0.07
2016,2024-10-01,15653,73,18,0.466,0.115
2016,2024-11-01,15576,66,24,0.424,0.154
2016,2024-12-01,15480,74,19,0.478,0.123
2016,2025-01-01,15376,68,22,0.442,0.143
2016,2025-02-01,15281,72,22,0.471,0.144
2016,2025-03-01,15201,72,16,0.474,0.105
2016,2025-04-01,15117,63,11,0.417,0.073
2016,2025-05-01,15028,63,10,0.419,0.067
2016,2025-06-01,14915,53,11,0.355,0.074
2016,2025-07-01,14812,52,7,0.351,0.047
2016,2025-08-01,14730,52,6,0.353,0.041
2016,2025-09-01,14629,54,8,0.369,0.055
2016,2025-10-01,14521,51,8,0.351,0.055
2016,2025-11-01,14417,53,13,0.368,0.09
2016,2025-12-01,14349,58,14,0.404,0.098
2016,2026-01-01,14250,56,13,0.393,0.091
2016,2026-02-01,14173,56,11,0.395,0.078
2016,2026-03-01,14115,55,12,0.39,0.085
2019,2019-01-01,30,0,0,0.0,0.0
2019,2019-02-01,3167,0,0,0.0,0.0
2019,2019-03-01,6953,0,0,0.0,0.0
2019,2019-04-01,12065,0,0,0.0,0.0
2019,2019-05-01,16004,2,0,0.012,0.0
2019,2019-06-01,20048,4,1,0.02,0.005
2019,2019-07-01,24372,6,2,0.025,0.008
2019,2019-08-01,28041,7,1,0.025,0.004
2019,2019-09-01,31731,8,1,0.025,0.003
2019,2019-10-01,35571,11,1,0.031,0.003
2019,2019-11-01,40101,15,1,0.037,0.002
2019,2019-12-01,43622,17,4,0.039,0.009
2019,2020-01-01,47147,22,3,0.047,0.006
2019,2020-02-01,47161,29,3,0.061,0.006
2019,2020-03-01,46653,32,36,0.069,0.077
2019,2020-04-01,45714,34,1185,0.074,2.592
2019,2020-05-01,44380,90,1951,0.203,4.396
2019,2020-06-01,43119,894,2107,2.073,4.886
2019,2020-07-01,41702,1235,2127,2.961,5.1
2019,2020-08-01,40258,1307,1851,3.247,4.598
2019,2020-09-01,38795,1272,1838,3.279,4.738
2019,2020-10-01,37289,1201,1645,3.221,4.411
2019,2020-11-01,35656,1153,1547,3.234,4.339
2019,2020-12-01,34220,1122,1486,3.279,4.342
2019,2021-01-01,32686,1073,1434,3.283,4.387
2019,2021-02-01,31405,1073,1305,3.417,4.155
2019,2021-03-01,30067,996,1184,3.313,3.938
2019,2021-04-01,28502,901,1035,3.161,3.631
2019,2021-05-01,27339,835,944,3.054,3.453
2019,2021-06-01,26474,765,860,2.89,3.248
2019,2021-07-01,25539,693,777,2.713,3.042
2019,2021-08-01,24666,632,709,2.562,2.874
2019,2021-09-01,23781,565,555,2.376,2.334
2019,2021-10-01,22917,497,427,2.169,1.863
2019,2021-11-01,22126,465,329,2.102,1.487
2019,2021-12-01,21393,427,254,1.996,1.187
2019,2022-01-01,20818,389,218,1.869,1.047
2019,2022-02-01,20338,355,180,1.746,0.885
2019,2022-03-01,19933,312,159,1.565,0.798
2019,2022-04-01,19546,273,126,1.397,0.645
2019,2022-05-01,19227,246,112,1.279,0.583
2019,2022-06-01,18965,228,86,1.202,0.453
2019,2022-07-01,18726,215,81,1.148,0.433
2019,2022-08-01,18526,208,75,1.123,0.405
2019,2022-09-01,18342,183,68,0.998,0.371
2019,2022-10-01,18178,184,63,1.012,0.347
2019,2022-11-01,18054,180,76,0.997,0.421
2019,2022-12-01,17951,179,72,0.997,0.401
2019,2023-01-01,17843,173,71,0.97,0.398
2019,2023-02-01,17760,176,69,0.991,0.389
2019,2023-03-01,17681,168,69,0.95,0.39
2019,2023-04-01,17573,159,55,0.905,0.313
2019,2023-05-01,17479,151,43,0.864,0.246
2019,2023-06-01,17368,139,40,0.8,0.23
2019,2023-07-01,17236,141,37,0.818,0.215
2019,2023-08-01,17125,130,33,0.759,0.193
2019,2023-09-01,17008,128,37,0.753,0.218
2019,2023-10-01,16898,135,39,0.799,0.231
2019,2023-11-01,16808,145,41,0.863,0.244
2019,2023-12-01,16729,129,35,0.771,0.209
2019,2024-01-01,16663,131,27,0.786,0.162
2019,2024-02-01,16595,126,26,0.759,0.157
2019,2024-03-01,16524,122,19,0.738,0.115
2019,2024-04-01,16425,118,14,0.718,0.085
2019,2024-05-01,16310,109,15,0.668,0.092
2019,2024-06-01,16198,119,19,0.735,0.117
2019,2024-07-01,16102,119,19,0.739,0.118
2019,2024-08-01,15985,119,28,0.744,0.175
2019,2024-09-01,15878,124,28,0.781,0.176
2019,2024-10-01,15782,125,38,0.792,0.241
2019,2024-11-01,15689,124,40,0.79,0.255
2019,2024-12-01,15613,145,31,0.929,0.199
2019,2025-01-01,15534,139,34,0.895,0.219
2019,2025-02-01,15474,143,32,0.924,0.207
2019,2025-03-01,15406,138,27,0.896,0.175
2019,2025-04-01,15324,136,29,0.887,0.189
2019,2025-05-01,15245,135,31,0.886,0.203
2019,2025-06-01,15135,143,29,0.945,0.192
2019,2025-07-01,15037,135,33,0.898,0.219
2019,2025-08-01,14920,144,30,0.965,0.201
2019,2025-09-01,14832,138,26,0.93,0.175
2019,2025-10-01,14738,126,26,0.855,0.176
2019,2025-11-01,14642,126,27,0.861,0.184
2019,2025-12-01,14567,136,29,0.934,0.199
2019,2026-01-01,14470,132,28,0.912,0.194
2019,2026-02-01,14401,133,20,0.924,0.139
2019,2026-03-01,14319,134,20,0.936,0.14
2021,2021-01-01,20,0,0,0.0,0.0
2021,2021-02-01,3648,0,0,0.0,0.0
2021,2021-03-01,7801,0,2,0.0,0.026
2021,2021-04-01,12286,0,3,0.0,0.024
2021,2021-05-01,16320,1,7,0.006,0.043
2021,2021-06-01,20064,4,10,0.02,0.05
2021,2021-07-01,24536,7,18,0.029,0.073
2021,2021-08-01,28405,11,27,0.039,0.095
2021,2021-09-01,32655,17,40,0.052,0.122
2021,2021-10-01,36755,29,48,0.079,0.131
2021,2021-11-01,41202,32,56,0.078,0.136
2021,2021-12-01,45227,36,71,0.08,0.157
2021,2022-01-01,48689,47,75,0.097,0.154
2021,2022-02-01,48716,58,86,0.119,0.177
2021,2022-03-01,48516,58,77,0.12,0.159
2021,2022-04-01,48292,61,84,0.126,0.174
2021,2022-05-01,48037,71,88,0.148,0.183
2021,2022-06-01,47789,67,89,0.14,0.186
2021,2022-07-01,47516,78,99,0.164,0.208
2021,2022-08-01,47315,85,103,0.18,0.218
2021,2022-09-01,47067,109,107,0.232,0.227
2021,2022-10-01,46882,114,118,0.243,0.252
2021,2022-11-01,46735,116,137,0.248,0.293
2021,2022-12-01,46600,132,139,0.283,0.298
2021,2023-01-01,46492,147,140,0.316,0.301
2021,2023-02-01,46380,160,139,0.345,0.3
2021,2023-03-01,46264,152,133,0.329,0.287
2021,2023-04-01,46080,162,120,0.352,0.26
2021,2023-05-01,45935,149,106,0.324,0.231
2021,2023-06-01,45734,144,104,0.315,0.227
2021,2023-07-01,45530,141,100,0.31,0.22
2021,2023-08-01,45354,155,101,0.342,0.223
2021,2023-09-01,45164,161,94,0.356,0.208
2021,2023-10-01,45007,164,90,0.364,0.2
2021,2023-11-01,44856,160,81,0.357,0.181
2021,2023-12-01,44745,166,72,0.371,0.161
2021,2024-01-01,44609,171,68,0.383,0.152
2021,2024-02-01,44501,170,61,0.382,0.137
2021,2024-03-01,44396,158,63,0.356,0.142
2021,2024-04-01,44237,150,60,0.339,0.136
2021,2024-05-01,44074,144,53,0.327,0.12
2021,2024-06-01,43862,145,58,0.331,0.132
2021,2024-07-01,43702,146,48,0.334,0.11
2021,2024-08-01,43505,144,43,0.331,0.099
2021,2024-09-01,43307,137,43,0.316,0.099
2021,2024-10-01,43153,136,69,0.315,0.16
2021,2024-11-01,42975,147,79,0.342,0.184
2021,2024-12-01,42823,167,72,0.39,0.168
2021,2025-01-01,42676,189,72,0.443,0.169
2021,2025-02-01,42563,180,74,0.423,0.174
2021,2025-03-01,42442,168,65,0.396,0.153
2021,2025-04-01,42282,164,59,0.388,0.14
2021,2025-05-01,42115,162,59,0.385,0.14
2021,2025-06-01,41924,171,54,0.408,0.129
2021,2025-07-01,41724,180,47,0.431,0.113
2021,2025-08-01,41516,173,46,0.417,0.111
2021,2025-09-01,41358,185,48,0.447,0.116
2021,2025-10-01,41181,186,48,0.452,0.117
2021,2025-11-01,40986,191,72,0.466,0.176
2021,2025-12-01,40844,194,91,0.475,0.223
2021,2026-01-01,40677,201,76,0.494,0.187
2021,2026-02-01,40561,202,64,0.498,0.158
2021,2026-03-01,40447,197,55,0.487,0.136
2023,2023-01-01,21,0,0,0.0,0.0
2023,2023-02-01,3198,0,0,0.0,0.0
2023,2023-03-01,6843,0,0,0.0,0.0
2023,2023-04-01,12113,0,3,0.0,0.025
2023,2023-05-01,15809,1,4,0.006,0.025
2023,2023-06-01,20168,4,5,0.02,0.025
2023,2023-07-01,24519,6,12,0.024,0.049
2023,2023-08-01,28760,13,20,0.045,0.07
2023,2023-09-01,33083,22,23,0.066,0.07
2023,2023-10-01,36761,37,27,0.101,0.073
2023,2023-11-01,41470,48,31,0.116,0.075
2023,2023-12-01,45406,60,34,0.132,0.075
2023,2024-01-01,48807,78,36,0.16,0.074
2023,2024-02-01,48879,88,43,0.18,0.088
2023,2024-03-01,48677,102,53,0.21,0.109
2023,2024-04-01,48420,112,55,0.231,0.114
2023,2024-05-01,48128,126,63,0.262,0.131
2023,2024-06-01,47795,149,72,0.312,0.151
2023,2024-07-01,47553,177,84,0.372,0.177
2023,2024-08-01,47230,200,99,0.423,0.21
2023,2024-09-01,46862,242,108,0.516,0.23
2023,2024-10-01,46347,267,159,0.576,0.343
2023,2024-11-01,45413,297,177,0.654,0.39
2023,2024-12-01,44938,337,154,0.75,0.343
2023,2025-01-01,44531,367,148,0.824,0.332
2023,2025-02-01,44227,398,141,0.9,0.319
2023,2025-03-01,43946,384,124,0.874,0.282
2023,2025-04-01,43528,376,110,0.864,0.253
2023,2025-05-01,42983,381,104,0.886,0.242
2023,2025-06-01,42487,369,99,0.869,0.233
2023,2025-07-01,42133,373,95,0.885,0.225
2023,2025-08-01,41701,392,99,0.94,0.237
2023,2025-09-01,41270,404,94,0.979,0.228
2023,2025-10-01,40744,420,93,1.031,0.228
2023,2025-11-01,39892,432,116,1.083,0.291
2023,2025-12-01,39279,449,147,1.143,0.374
2023,2026-01-01,38631,464,135,1.201,0.349
2023,2026-02-01,38121,483,112,1.267,0.294
2023,2026-03-01,37496,465,102,1.24,0.272
