fico_band,ltv_band,loans,ead_mn,pct_of_ead,el_pit_k,pct_of_el,el_pit_bps
1: <680,1: <=70,4482,766.72,3.0,739.7,6.3,9.6
1: <680,2: 71-80,2533,506.47,2.0,588.6,5.0,11.6
1: <680,3: 81-90,817,177.52,0.7,348.6,3.0,19.6
1: <680,4: >90,1485,278.83,1.1,844.1,7.2,30.3
2: 680-739,1: <=70,11004,2183.38,8.5,645.4,5.5,3.0
2: 680-739,2: 71-80,9891,2251.97,8.7,1010.6,8.7,4.5
2: 680-739,3: 81-90,3939,1038.35,4.0,921.0,7.9,8.9
2: 680-739,4: >90,7780,1867.28,7.2,3210.8,27.5,17.2
3: 740-779,1: <=70,11584,2394.22,9.3,248.9,2.1,1.0
3: 740-779,2: 71-80,11964,2905.48,11.3,406.2,3.5,1.4
3: 740-779,3: 81-90,4276,1205.84,4.7,466.3,4.0,3.9
3: 740-779,4: >90,7383,1935.89,7.5,1275.1,10.9,6.6
4: 780+,1: <=70,16817,3153.01,12.2,130.6,1.1,0.4
4: 780+,2: 71-80,12445,2941.64,11.4,253.6,2.2,0.9
4: 780+,3: 81-90,3600,954.42,3.7,200.3,1.7,2.1
4: 780+,4: >90,4837,1238.74,4.8,368.8,3.2,3.0
Missing,1: <=70,10,1.66,0.0,0.3,0.0,1.8
Missing,2: 71-80,8,1.45,0.0,0.3,0.0,1.9
Missing,3: 81-90,2,0.27,0.0,0.1,0.0,2.5
Missing,4: >90,3,0.75,0.0,0.2,0.0,2.8
