regime,fico_band,ltv_band,loan_snapshots,went_bad,pd_12m_pct
Normal,3: 740-779,3: 81-90,24155,121,0.501
COVID,4: 780+,4: >90,4512,88,1.95
COVID,2: 680-739,4: >90,6349,477,7.513
COVID,3: 740-779,3: 81-90,3820,130,3.403
Normal,3: 740-779,1: <=70,69579,150,0.216
COVID,3: 740-779,1: <=70,8873,215,2.423
COVID,1: <680,4: >90,1621,145,8.945
Normal,3: 740-779,2: 71-80,72305,225,0.311
COVID,3: 740-779,2: 71-80,11381,330,2.9
Normal,4: 780+,2: 71-80,78857,132,0.167
Normal,2: 680-739,2: 71-80,60737,575,0.947
Normal,1: <680,2: 71-80,15584,399,2.56
COVID,4: 780+,1: <=70,14404,145,1.007
COVID,2: 680-739,1: <=70,7447,286,3.84
COVID,1: <680,3: 81-90,793,78,9.836
Normal,2: 680-739,4: >90,41866,830,1.983
Normal,4: 780+,4: >90,29146,112,0.384
Normal,1: <680,4: >90,10060,344,3.419
Normal,3: 740-779,4: >90,40502,330,0.815
COVID,2: 680-739,3: 81-90,3460,204,5.896
COVID,4: 780+,3: 81-90,3281,61,1.859
COVID,3: 740-779,4: >90,6006,249,4.146
COVID,1: <680,1: <=70,2975,201,6.756
Normal,4: 780+,3: 81-90,21021,47,0.224
Normal,2: 680-739,3: 81-90,22197,296,1.334
Normal,1: <680,3: 81-90,5156,154,2.987
COVID,1: <680,2: 71-80,2456,218,8.876
Normal,4: 780+,1: <=70,109247,113,0.103
Normal,1: <680,1: <=70,24617,549,2.23
Normal,2: 680-739,1: <=70,62493,458,0.733
COVID,4: 780+,2: 71-80,12536,198,1.579
COVID,2: 680-739,2: 71-80,9655,502,5.199
