driver,bucket,loans,pct_of_book,d90_24m_pct,ever_d90_pct,lift
FICO,800+,33926,13.6,0.38,1.04,0.21
FICO,760-799,94008,37.6,0.81,1.81,0.45
FICO,620-679,18726,7.5,5.32,10.43,2.98
FICO,680-719,40570,16.2,3.25,6.35,1.82
FICO,<620,906,0.4,7.95,18.21,4.45
FICO,Missing,42,0.0,2.38,2.38,1.33
FICO,720-759,61822,24.7,1.92,3.79,1.08
Borrowers,2+ borrowers,123265,49.3,1.19,2.53,0.66
Borrowers,1 borrower,126735,50.7,2.37,4.71,1.33
LTV,>100 (HARP),6554,2.6,2.96,9.44,1.66
LTV,<=60,57967,23.2,0.98,2.17,0.55
LTV,91-95,31583,12.6,2.96,5.27,1.66
LTV,71-80,84738,33.9,1.58,3.33,0.89
LTV,81-90,27805,11.1,2.16,4.12,1.21
LTV,61-70,33121,13.2,1.4,3.06,0.79
LTV,96-100,8229,3.3,4.37,6.96,2.45
LTV,Missing,3,0.0,0.0,0.0,0.0
Loan purpose,Cash-out refi,49179,19.7,1.95,3.82,1.09
Loan purpose,No-cash-out refi,83452,33.4,1.28,3.48,0.72
Loan purpose,Purchase,117369,46.9,2.08,3.67,1.16
First-time buyer,Yes,48208,19.3,2.62,4.46,1.47
First-time buyer,No,201790,80.7,1.59,3.44,0.89
First-time buyer,Missing,2,0.0,0.0,0.0,0.0
DTI,44-50,51107,20.4,2.94,4.92,1.65
DTI,37-43,59877,24.0,2.26,4.29,1.26
DTI,20-29,50878,20.4,0.87,1.91,0.49
DTI,30-36,50202,20.1,1.47,3.0,0.82
DTI,Missing,19970,8.0,1.75,6.64,0.98
DTI,<20,17949,7.2,0.45,1.13,0.25
DTI,>50,17,0.0,0.0,0.0,0.0
Channel,Broker,29837,11.9,1.99,3.42,1.12
Channel,Retail,142473,57.0,1.59,3.61,0.89
Channel,Correspondent,77690,31.1,2.06,3.77,1.15
Occupancy,Owner-occupied,224709,89.9,1.82,3.7,1.02
Occupancy,Investment,16965,6.8,1.61,3.4,0.9
Occupancy,Second home,8326,3.3,1.13,2.5,0.63
