fico_band,ltv_band,loans,d90_24m_pct,ever_d90_pct
1: <680,1: <=70,8723,4.61,8.55
1: <680,2: 71-80,5609,5.24,10.91
1: <680,3: 81-90,1835,6.32,12.15
1: <680,4: >90,3465,7.42,15.53
2: 680-739,1: <=70,21435,1.66,3.6
2: 680-739,2: 71-80,22501,2.55,5.17
2: 680-739,3: 81-90,8374,3.39,6.01
2: 680-739,4: >90,16064,4.75,8.7
3: 740-779,1: <=70,23974,0.75,1.84
3: 740-779,2: 71-80,27429,1.18,2.42
3: 740-779,3: 81-90,9617,1.54,3.07
3: 740-779,4: >90,15655,2.18,4.23
4: 780+,1: <=70,36939,0.26,0.84
4: 780+,2: 71-80,29185,0.51,1.31
4: 780+,3: 81-90,7973,0.65,1.57
4: 780+,4: >90,11177,1.15,2.3
