vintage,loan_age,n_loans,new_d90,cum_d90,cum_d90_pct
2012,0,50000,1,1,0.002
2012,1,50000,0,1,0.002
2012,2,50000,2,3,0.006
2012,3,50000,19,22,0.044
2012,4,50000,21,43,0.086
2012,5,50000,17,60,0.12
2012,6,50000,23,83,0.166
2012,7,50000,23,106,0.212
2012,8,50000,17,123,0.246
2012,9,50000,19,142,0.284
2012,10,50000,15,157,0.314
2012,11,50000,9,166,0.332
2012,12,50000,13,179,0.358
2012,13,50000,22,201,0.402
2012,14,50000,24,225,0.45
2012,15,50000,18,243,0.486
2012,16,50000,28,271,0.542
2012,17,50000,17,288,0.576
2012,18,50000,11,299,0.598
2012,19,50000,15,314,0.628
2012,20,50000,11,325,0.65
2012,21,50000,17,342,0.684
2012,22,50000,9,351,0.702
2012,23,50000,14,365,0.73
2012,24,50000,8,373,0.746
2012,25,50000,9,382,0.764
2012,26,50000,10,392,0.784
2012,27,50000,15,407,0.814
2012,28,50000,11,418,0.836
2012,29,50000,17,435,0.87
2012,30,50000,8,443,0.886
2012,31,50000,12,455,0.91
2012,32,50000,12,467,0.934
2012,33,50000,10,477,0.954
2012,34,50000,11,488,0.976
2012,35,50000,6,494,0.988
2012,36,50000,14,508,1.016
2012,37,50000,14,522,1.044
2012,38,50000,11,533,1.066
2012,39,50000,7,540,1.08
2012,40,50000,15,555,1.11
2012,41,50000,9,564,1.128
2012,42,50000,12,576,1.152
2012,43,50000,12,588,1.176
2012,44,50000,5,593,1.186
2012,45,50000,9,602,1.204
2012,46,50000,7,609,1.218
2012,47,50000,7,616,1.232
2012,48,50000,7,623,1.246
2012,49,50000,6,629,1.258
2012,50,50000,7,636,1.272
2012,51,50000,4,640,1.28
2012,52,50000,10,650,1.3
2012,53,50000,13,663,1.326
2012,54,50000,10,673,1.346
2012,55,50000,9,682,1.364
2012,56,50000,6,688,1.376
2012,57,50000,10,698,1.396
2012,58,50000,5,703,1.406
2012,59,50000,8,711,1.422
2012,60,50000,9,720,1.44
2012,61,50000,11,731,1.462
2012,62,50000,12,743,1.486
2012,63,50000,12,755,1.51
2012,64,50000,10,765,1.53
2012,65,50000,6,771,1.542
2012,66,50000,11,782,1.564
2012,67,50000,9,791,1.582
2012,68,50000,7,798,1.596
2012,69,50000,6,804,1.608
2012,70,50000,8,812,1.624
2012,71,50000,6,818,1.636
2012,72,50000,6,824,1.648
2012,73,50000,2,826,1.652
2012,74,50000,6,832,1.664
2012,75,50000,4,836,1.672
2012,76,50000,4,840,1.68
2012,77,50000,3,843,1.686
2012,78,50000,6,849,1.698
2012,79,50000,4,853,1.706
2012,80,50000,6,859,1.718
2012,81,50000,4,863,1.726
2012,82,50000,7,870,1.74
2012,83,50000,4,874,1.748
2012,84,50000,6,880,1.76
2012,85,50000,3,883,1.766
2012,86,50000,6,889,1.778
2012,87,50000,2,891,1.782
2012,88,50000,5,896,1.792
2012,89,50000,34,930,1.86
2012,90,50000,52,982,1.964
2012,91,50000,58,1040,2.08
2012,92,50000,54,1094,2.188
2012,93,50000,56,1150,2.3
2012,94,50000,58,1208,2.416
2012,95,50000,61,1269,2.538
2012,96,50000,61,1330,2.66
2012,97,50000,43,1373,2.746
2012,98,50000,40,1413,2.826
2012,99,50000,40,1453,2.906
2012,100,50000,39,1492,2.984
2012,101,50000,24,1516,3.032
2012,102,50000,8,1524,3.048
2012,103,50000,11,1535,3.07
2012,104,50000,10,1545,3.09
2012,105,50000,6,1551,3.102
2012,106,50000,11,1562,3.124
2012,107,50000,6,1568,3.136
2012,108,50000,2,1570,3.14
2012,109,50000,5,1575,3.15
2012,110,50000,6,1581,3.162
2012,111,50000,3,1584,3.168
2012,112,50000,4,1588,3.176
2012,113,50000,2,1590,3.18
2012,114,50000,8,1598,3.196
2012,115,50000,2,1600,3.2
2012,116,50000,4,1604,3.208
2012,117,50000,5,1609,3.218
2012,118,50000,5,1614,3.228
2012,119,50000,1,1615,3.23
2012,120,50000,4,1619,3.238
2012,121,50000,4,1623,3.246
2012,122,50000,6,1629,3.258
2012,123,50000,1,1630,3.26
2012,124,50000,2,1632,3.264
2012,125,50000,0,1632,3.264
2012,126,50000,3,1635,3.27
2012,127,50000,0,1635,3.27
2012,128,50000,3,1638,3.276
2012,129,50000,1,1639,3.278
2012,130,50000,3,1642,3.284
2012,131,50000,1,1643,3.286
2012,132,50000,3,1646,3.292
2012,133,50000,1,1647,3.294
2012,134,50000,2,1649,3.298
2012,135,50000,6,1655,3.31
2012,136,50000,4,1659,3.318
2012,137,50000,0,1659,3.318
2012,138,50000,1,1660,3.32
2012,139,50000,1,1661,3.322
2012,140,50000,1,1662,3.324
2012,141,50000,5,1667,3.334
2012,142,50000,0,1667,3.334
2012,143,50000,4,1671,3.342
2012,144,50000,2,1673,3.346
2012,145,50000,3,1676,3.352
2012,146,50000,3,1679,3.358
2012,147,50000,6,1685,3.37
2012,148,50000,3,1688,3.376
2012,149,50000,2,1690,3.38
2012,150,50000,1,1691,3.382
2012,151,50000,2,1693,3.386
2012,152,50000,3,1696,3.392
2012,153,50000,1,1697,3.394
2012,154,50000,3,1700,3.4
2012,155,50000,0,1700,3.4
2012,156,50000,1,1701,3.402
2012,157,50000,6,1707,3.414
2012,158,50000,2,1709,3.418
2016,0,50000,0,0,0.0
2016,1,50000,2,2,0.004
2016,2,50000,1,3,0.006
2016,3,50000,16,19,0.038
2016,4,50000,12,31,0.062
2016,5,50000,13,44,0.088
2016,6,50000,10,54,0.108
2016,7,50000,12,66,0.132
2016,8,50000,11,77,0.154
2016,9,50000,18,95,0.19
2016,10,50000,14,109,0.218
2016,11,50000,19,128,0.256
2016,12,50000,27,155,0.31
2016,13,50000,18,173,0.346
2016,14,50000,15,188,0.376
2016,15,50000,22,210,0.42
2016,16,50000,34,244,0.488
2016,17,50000,30,274,0.548
2016,18,50000,21,295,0.59
2016,19,50000,26,321,0.642
2016,20,50000,19,340,0.68
2016,21,50000,23,363,0.726
2016,22,50000,19,382,0.764
2016,23,50000,15,397,0.794
2016,24,50000,10,407,0.814
2016,25,50000,13,420,0.84
2016,26,50000,12,432,0.864
2016,27,50000,13,445,0.89
2016,28,50000,9,454,0.908
2016,29,50000,10,464,0.928
2016,30,50000,14,478,0.956
2016,31,50000,11,489,0.978
2016,32,50000,7,496,0.992
2016,33,50000,9,505,1.01
2016,34,50000,12,517,1.034
2016,35,50000,18,535,1.07
2016,36,50000,15,550,1.1
2016,37,50000,7,557,1.114
2016,38,50000,3,560,1.12
2016,39,50000,7,567,1.134
2016,40,50000,17,584,1.168
2016,41,50000,64,648,1.296
2016,42,50000,102,750,1.5
2016,43,50000,104,854,1.708
2016,44,50000,128,982,1.964
2016,45,50000,121,1103,2.206
2016,46,50000,131,1234,2.468
2016,47,50000,124,1358,2.716
2016,48,50000,115,1473,2.946
2016,49,50000,126,1599,3.198
2016,50,50000,128,1727,3.454
2016,51,50000,97,1824,3.648
2016,52,50000,105,1929,3.858
2016,53,50000,60,1989,3.978
2016,54,50000,38,2027,4.054
2016,55,50000,19,2046,4.092
2016,56,50000,25,2071,4.142
2016,57,50000,27,2098,4.196
2016,58,50000,15,2113,4.226
2016,59,50000,14,2127,4.254
2016,60,50000,12,2139,4.278
2016,61,50000,8,2147,4.294
2016,62,50000,5,2152,4.304
2016,63,50000,10,2162,4.324
2016,64,50000,3,2165,4.33
2016,65,50000,11,2176,4.352
2016,66,50000,3,2179,4.358
2016,67,50000,6,2185,4.37
2016,68,50000,4,2189,4.378
2016,69,50000,4,2193,4.386
2016,70,50000,6,2199,4.398
2016,71,50000,7,2206,4.412
2016,72,50000,8,2214,4.428
2016,73,50000,6,2220,4.44
2016,74,50000,4,2224,4.448
2016,75,50000,4,2228,4.456
2016,76,50000,6,2234,4.468
2016,77,50000,3,2237,4.474
2016,78,50000,6,2243,4.486
2016,79,50000,5,2248,4.496
2016,80,50000,5,2253,4.506
2016,81,50000,3,2256,4.512
2016,82,50000,3,2259,4.518
2016,83,50000,3,2262,4.524
2016,84,50000,2,2264,4.528
2016,85,50000,4,2268,4.536
2016,86,50000,1,2269,4.538
2016,87,50000,5,2274,4.548
2016,88,50000,6,2280,4.56
2016,89,50000,7,2287,4.574
2016,90,50000,5,2292,4.584
2016,91,50000,3,2295,4.59
2016,92,50000,4,2299,4.598
2016,93,50000,2,2301,4.602
2016,94,50000,2,2303,4.606
2016,95,50000,2,2305,4.61
2016,96,50000,2,2307,4.614
2016,97,50000,6,2313,4.626
2016,98,50000,3,2316,4.632
2016,99,50000,2,2318,4.636
2016,100,50000,3,2321,4.642
2016,101,50000,5,2326,4.652
2016,102,50000,5,2331,4.662
2016,103,50000,5,2336,4.672
2016,104,50000,3,2339,4.678
2016,105,50000,5,2344,4.688
2016,106,50000,1,2345,4.69
2016,107,50000,2,2347,4.694
2016,108,50000,1,2348,4.696
2016,109,50000,3,2351,4.702
2016,110,50000,2,2353,4.706
2019,0,50000,0,0,0.0
2019,1,50000,0,0,0.0
2019,2,50000,2,2,0.004
2019,3,50000,33,35,0.07
2019,4,50000,25,60,0.12
2019,5,50000,83,143,0.286
2019,6,50000,91,234,0.468
2019,7,50000,159,393,0.786
2019,8,50000,167,560,1.12
2019,9,50000,163,723,1.446
2019,10,50000,154,877,1.754
2019,11,50000,165,1042,2.084
2019,12,50000,169,1211,2.422
2019,13,50000,168,1379,2.758
2019,14,50000,177,1556,3.112
2019,15,50000,192,1748,3.496
2019,16,50000,158,1906,3.812
2019,17,50000,118,2024,4.048
2019,18,50000,70,2094,4.188
2019,19,50000,66,2160,4.32
2019,20,50000,48,2208,4.416
2019,21,50000,30,2238,4.476
2019,22,50000,29,2267,4.534
2019,23,50000,26,2293,4.586
2019,24,50000,22,2315,4.63
2019,25,50000,23,2338,4.676
2019,26,50000,14,2352,4.704
2019,27,50000,12,2364,4.728
2019,28,50000,12,2376,4.752
2019,29,50000,22,2398,4.796
2019,30,50000,15,2413,4.826
2019,31,50000,10,2423,4.846
2019,32,50000,12,2435,4.87
2019,33,50000,11,2446,4.892
2019,34,50000,4,2450,4.9
2019,35,50000,16,2466,4.932
2019,36,50000,8,2474,4.948
2019,37,50000,8,2482,4.964
2019,38,50000,8,2490,4.98
2019,39,50000,12,2502,5.004
2019,40,50000,7,2509,5.018
2019,41,50000,7,2516,5.032
2019,42,50000,8,2524,5.048
2019,43,50000,3,2527,5.054
2019,44,50000,7,2534,5.068
2019,45,50000,9,2543,5.086
2019,46,50000,5,2548,5.096
2019,47,50000,3,2551,5.102
2019,48,50000,7,2558,5.116
2019,49,50000,9,2567,5.134
2019,50,50000,6,2573,5.146
2019,51,50000,8,2581,5.162
2019,52,50000,5,2586,5.172
2019,53,50000,5,2591,5.182
2019,54,50000,4,2595,5.19
2019,55,50000,4,2599,5.198
2019,56,50000,6,2605,5.21
2019,57,50000,6,2611,5.222
2019,58,50000,5,2616,5.232
2019,59,50000,11,2627,5.254
2019,60,50000,4,2631,5.262
2019,61,50000,10,2641,5.282
2019,62,50000,6,2647,5.294
2019,63,50000,10,2657,5.314
2019,64,50000,8,2665,5.33
2019,65,50000,5,2670,5.34
2019,66,50000,9,2679,5.358
2019,67,50000,10,2689,5.378
2019,68,50000,9,2698,5.396
2019,69,50000,9,2707,5.414
2019,70,50000,10,2717,5.434
2019,71,50000,10,2727,5.454
2019,72,50000,7,2734,5.468
2019,73,50000,7,2741,5.482
2019,74,50000,9,2750,5.5
2021,0,50000,0,0,0.0
2021,1,50000,0,0,0.0
2021,2,50000,0,0,0.0
2021,3,50000,32,32,0.064
2021,4,50000,23,55,0.11
2021,5,50000,18,73,0.146
2021,6,50000,24,97,0.194
2021,7,50000,32,129,0.258
2021,8,50000,28,157,0.314
2021,9,50000,18,175,0.35
2021,10,50000,22,197,0.394
2021,11,50000,20,217,0.434
2021,12,50000,11,228,0.456
2021,13,50000,21,249,0.498
2021,14,50000,20,269,0.538
2021,15,50000,27,296,0.592
2021,16,50000,25,321,0.642
2021,17,50000,28,349,0.698
2021,18,50000,20,369,0.738
2021,19,50000,14,383,0.766
2021,20,50000,20,403,0.806
2021,21,50000,22,425,0.85
2021,22,50000,23,448,0.896
2021,23,50000,21,469,0.938
2021,24,50000,14,483,0.966
2021,25,50000,22,505,1.01
2021,26,50000,17,522,1.044
2021,27,50000,16,538,1.076
2021,28,50000,18,556,1.112
2021,29,50000,17,573,1.146
2021,30,50000,22,595,1.19
2021,31,50000,13,608,1.216
2021,32,50000,20,628,1.256
2021,33,50000,15,643,1.286
2021,34,50000,10,653,1.306
2021,35,50000,20,673,1.346
2021,36,50000,14,687,1.374
2021,37,50000,16,703,1.406
2021,38,50000,12,715,1.43
2021,39,50000,18,733,1.466
2021,40,50000,17,750,1.5
2021,41,50000,20,770,1.54
2021,42,50000,13,783,1.566
2021,43,50000,21,804,1.608
2021,44,50000,19,823,1.646
2021,45,50000,19,842,1.684
2021,46,50000,18,860,1.72
2021,47,50000,15,875,1.75
2021,48,50000,20,895,1.79
2021,49,50000,23,918,1.836
2021,50,50000,11,929,1.858
2023,0,50000,0,0,0.0
2023,1,50000,0,0,0.0
2023,2,50000,0,0,0.0
2023,3,50000,25,25,0.05
2023,4,50000,35,60,0.12
2023,5,50000,33,93,0.186
2023,6,50000,28,121,0.242
2023,7,50000,28,149,0.298
2023,8,50000,35,184,0.368
2023,9,50000,42,226,0.452
2023,10,50000,29,255,0.51
2023,11,50000,38,293,0.586
2023,12,50000,35,328,0.656
2023,13,50000,54,382,0.764
2023,14,50000,45,427,0.854
2023,15,50000,47,474,0.948
2023,16,50000,51,525,1.05
2023,17,50000,52,577,1.154
2023,18,50000,36,613,1.226
2023,19,50000,40,653,1.306
2023,20,50000,50,703,1.406
2023,21,50000,43,746,1.492
2023,22,50000,58,804,1.608
2023,23,50000,43,847,1.694
2023,24,50000,41,888,1.776
2023,25,50000,38,926,1.852
2023,26,50000,38,964,1.928
